
insert into Emp (EmpNo, Name, Email, data_naissance) values (31, 'Vidovic Parradye', 'vparradyeu@ocn.ne.jp', '4/27/1983');
insert into Emp (EmpNo, Name, Email, data_naissance) values (32, 'Anetta Kroger', 'akrogerv@flavors.me', '12/2/1980');
insert into Emp (EmpNo, Name, Email, data_naissance) values (33, 'Ayn Rentcome', 'arentcomew@dagondesign.com', '1/29/1977');
insert into Emp (EmpNo, Name, Email, data_naissance) values (34, 'Megan Sillis', 'msillisx@diigo.com', '2/22/1979');
insert into Emp (EmpNo, Name, Email, data_naissance) values (35, 'Gabbie Bedinn', 'gbedinny@rambler.ru', '12/20/1977');
insert into Emp (EmpNo, Name, Email, data_naissance) values (36, 'Jenni Alpin', 'jalpinz@ecoNameist.com', '6/2/1978');
insert into Emp (EmpNo, Name, Email, data_naissance) values (37, 'Inigo Cheale', 'icheale10@Email.ru', '10/30/1988');
insert into Emp (EmpNo, Name, Email, data_naissance) values (38, 'Heriberto Basler', 'hbasler11@zimbio.com', '8/30/1984');
insert into Emp (EmpNo, Name, Email, data_naissance) values (39, 'Boony Ghost', 'bghost12@walmart.com', '9/20/1981');
insert into Emp (EmpNo, Name, Email, data_naissance) values (40, 'Guinna Breslin', 'gbreslin13@baidu.com', '7/15/1976');
insert into Emp (EmpNo, Name, Email, data_naissance) values (41, 'Lewiss Jardine', 'ljardine14@weather.com', '7/14/1980');
insert into Emp (EmpNo, Name, Email, data_naissance) values (42, 'Cookie Goodbarr', 'cgoodbarr15@wordpress.org', '11/26/1983');
insert into Emp (EmpNo, Name, Email, data_naissance) values (43, 'Margery Filpi', 'mfilpi16@rediff.com', '5/17/1982');
insert into Emp (EmpNo, Name, Email, data_naissance) values (44, 'Tomasine Sowerbutts', 'tsowerbutts17@digg.com', '10/12/1984');
insert into Emp (EmpNo, Name, Email, data_naissance) values (45, 'Sonya Minchinton', 'sminchinton18@gravatar.com', '8/13/1983');
insert into Emp (EmpNo, Name, Email, data_naissance) values (46, 'Merrie Le land', 'mle19@163.com', '7/19/1987');
insert into Emp (EmpNo, Name, Email, data_naissance) values (47, 'Davy Brunsdon', 'dbrunsdon1a@ask.com', '5/12/1985');
insert into Emp (EmpNo, Name, Email, data_naissance) values (48, 'Francklyn Barnham', 'fbarnham1b@github.io', '11/16/1986');
insert into Emp (EmpNo, Name, Email, data_naissance) values (49, 'Agatha Tute', 'atute1c@themeforest.net', '1/19/1982');
insert into Emp (EmpNo, Name, Email, data_naissance) values (50, 'Vance Matheson', 'vmatheson1d@elegantthemes.com', '4/15/1976');
--
insert into Departement (DeptNo, DeptName , Localisation) values (1, 'Sales','625 Dapin Hill');
insert into Departement (DeptNo, DeptName , Localisation) values (2, 'Business Development','178 Killdeer Court');
insert into Departement (DeptNo, DeptName , Localisation) values (3, 'Accounting','61467 Meadow Valley Trail');
insert into Departement (DeptNo, DeptName , Localisation) values (4, 'Legal','069 Oriole Crossing');
insert into Departement (DeptNo, DeptName , Localisation) values (5, 'Marketing','828 Oxford Pass');
insert into Departement (DeptNo, DeptName , Localisation) values (6, 'Product Management','94 Atwood Park');
--Department (DeptNo, DeptName, Localisation)
insert into WorksIn (EmpNo, DeptNo) values (31, 4);
insert into WorksIn (EmpNo, DeptNo) values (32, 2);
insert into WorksIn (EmpNo, DeptNo) values (33, 3);
insert into WorksIn (EmpNo, DeptNo) values (34, 3);
insert into WorksIn (EmpNo, DeptNo) values (35, 3);
insert into WorksIn (EmpNo, DeptNo) values (36, 3);
insert into WorksIn (EmpNo, DeptNo) values (37, 8);
insert into WorksIn (EmpNo, DeptNo) values (38, 4);
insert into WorksIn (EmpNo, DeptNo) values (39, 1);
insert into WorksIn (EmpNo, DeptNo) values (40, 7);
insert into WorksIn (EmpNo, DeptNo) values (41, 7);
insert into WorksIn (EmpNo, DeptNo) values (42, 1);
insert into WorksIn (EmpNo, DeptNo) values (43, 6);
insert into WorksIn (EmpNo, DeptNo) values (44, 3);
insert into WorksIn (EmpNo, DeptNo) values (45, 5);
insert into WorksIn (EmpNo, DeptNo) values (46, 2);
insert into WorksIn (EmpNo, DeptNo) values (47, 7);
insert into WorksIn (EmpNo, DeptNo) values (48, 7);
insert into WorksIn (EmpNo, DeptNo) values (49, 4);
insert into WorksIn (EmpNo, DeptNo) values (50, 6);