-- Departements

insert into Departement (NumDept, NomDept) values (1, 'Sales');
insert into Departement (NumDept, NomDept) values (2, 'Business Development');
insert into Departement (NumDept, NomDept) values (3, 'Accounting');
insert into Departement (NumDept, NomDept) values (4, 'Legal');
insert into Departement (NumDept, NomDept) values (5, 'Marketing');
insert into Departement (NumDept, NomDept) values (6, 'Product Management');
insert into Departement (NumDept, NomDept) values (7, 'Human Resources');
insert into Departement (NumDept, NomDept) values (8, 'Engineering');
insert into Departement (NumDept, NomDept) values (9, 'Training');
insert into Departement (NumDept, NomDept) values (10, 'Support');
-- project
insert into Projet (NumProjet, NomProjet, Budget, NumDept) values (1, 'Transcof', 93, 1);
insert into Projet (NumProjet, NomProjet, Budget, NumDept) values (2, 'Kanlam', 57, 2);
insert into Projet (NumProjet, NomProjet, Budget, NumDept) values (3, 'Flowdesk', 122, 3);
insert into Projet (NumProjet, NomProjet, Budget, NumDept) values (4, 'Fintone', 102, 4);
insert into Projet (NumProjet, NomProjet, Budget, NumDept) values (5, 'Alphazap', 96, 5);
insert into Projet (NumProjet, NomProjet, Budget, NumDept) values (6, 'It', 150, 6);
insert into Projet (NumProjet, NomProjet, Budget, NumDept) values (7, 'Kanlam', 69, 7);
insert into Projet (NumProjet, NomProjet, Budget, NumDept) values (8, 'Domainer', 73, 8);
insert into Projet (NumProjet, NomProjet, Budget, NumDept) values (9, 'Rank', 121, 9);
insert into Projet (NumProjet, NomProjet, Budget, NumDept) values (10, 'Matsoft', 121, 10);
insert into Projet (NumProjet, NomProjet, Budget, NumDept) values (11, 'Home Ing', 131, 1);
insert into Projet (NumProjet, NomProjet, Budget, NumDept) values (12, 'Sonair', 74, 2);
insert into Projet (NumProjet, NomProjet, Budget, NumDept) values (13, 'Zathin', 112, 3);
insert into Projet (NumProjet, NomProjet, Budget, NumDept) values (14, 'Viva', 79, 4);
insert into Projet (NumProjet, NomProjet, Budget, NumDept) values (15, 'Span', 53, 5);
insert into Projet (NumProjet, NomProjet, Budget, NumDept) values (16, 'Gembucket', 79, 6);
insert into Projet (NumProjet, NomProjet, Budget, NumDept) values (17, 'Fix San', 131, 7);
insert into Projet (NumProjet, NomProjet, Budget, NumDept) values (18, 'Hatity', 148, 8);
insert into Projet (NumProjet, NomProjet, Budget, NumDept) values (19, 'Solarbreeze', 126, 9);
insert into Projet (NumProjet, NomProjet, Budget, NumDept) values (20, 'Greenlam', 116, 10);

-- Employe

insert into Employe (NumEmp, NomEmp, NumProjet) values (1, 'Murry Chatenet',   1);
insert into Employe (NumEmp, NomEmp, NumProjet) values (2, 'Hortense Mangenot',   2);
insert into Employe (NumEmp, NomEmp, NumProjet) values (3, 'Tatiania Portal',   3);
insert into Employe (NumEmp, NomEmp, NumProjet) values (4, 'Janaye Ornelas',   4);
insert into Employe (NumEmp, NomEmp, NumProjet) values (5, 'Garald Mish',   5);
insert into Employe (NumEmp, NomEmp, NumProjet) values (6, 'Stoddard Phalp',   5);
insert into Employe (NumEmp, NomEmp, NumProjet) values (7, 'Valentina Brickstock',   5);
insert into Employe (NumEmp, NomEmp, NumProjet) values (8, 'Kathleen Melluish',   5);
insert into Employe (NumEmp, NomEmp, NumProjet) values (9, 'Sherie Astill',   1);
insert into Employe (NumEmp, NomEmp, NumProjet) values (10, 'Justis Perton',  3);
insert into Employe (NumEmp, NomEmp, NumProjet) values (11, 'Waylen Kellough',   10);
insert into Employe (NumEmp, NomEmp, NumProjet) values (12, 'Flint Smeaton',   8);
insert into Employe (NumEmp, NomEmp, NumProjet) values (13, 'Saloma Corssen',   9);
insert into Employe (NumEmp, NomEmp, NumProjet) values (14, 'Celle Serfati',   11);
insert into Employe (NumEmp, NomEmp, NumProjet) values (15, 'Wat Spellessy',   12);
insert into Employe (NumEmp, NomEmp, NumProjet) values (16, 'Niven Oboy',   13);
insert into Employe (NumEmp, NomEmp, NumProjet) values (17, 'Wilburt Vicioso',   14);
insert into Employe (NumEmp, NomEmp, NumProjet) values (18, 'Eden Hissie',   15);
insert into Employe (NumEmp, NomEmp, NumProjet) values (19, 'Drew Ashard',   16);
insert into Employe (NumEmp, NomEmp, NumProjet) values (20, 'Joyce Feake',   17);
insert into Employe (NumEmp, NomEmp, NumProjet) values (21, 'Fayre Haslehurst',   18);
insert into Employe (NumEmp, NomEmp, NumProjet) values (22, 'Melli Southerell',   19);
insert into Employe (NumEmp, NomEmp, NumProjet) values (23, 'Hewie Le Brun',   20);
insert into Employe (NumEmp, NomEmp, NumProjet) values (24, 'Maurizio Slinn',   12);
insert into Employe (NumEmp, NomEmp, NumProjet) values (25, 'Cassy Sewley',   12);
insert into Employe (NumEmp, NomEmp, NumProjet) values (26, 'Natal Callam',   3);
insert into Employe (NumEmp, NomEmp, NumProjet) values (27, 'Harbert Muirhead',  3);
insert into Employe (NumEmp, NomEmp, NumProjet) values (28, 'Gunar McVie',   3);
insert into Employe (NumEmp, NomEmp, NumProjet) values (29, 'Lotta Stanning',  3);
insert into Employe (NumEmp, NomEmp, NumProjet) values (30, 'Sorcha Gapp',   3);



